key	value
physical_device	NOT_RUN
android_build	NOT_RUN
lua_repository	isomorphisms/lua
lua_revision	87306483cec50f8c750a22dda1d0742246fad756
lua_tree	6b2968928611542c8f82448f49c32ea8bc98b559
lua_release	5.5.1
ick_revision	515c0f29fe6e2e96e10495fbaf25da93532e7722
ick_artifact	11468256648
ick_run	37589849631
ick_driver	86cdbaf8d405d7d05883f20ddcc0ac21a55a48bae20cc9f11aca78f1710867d3  /workspace/scratch/4cbbf3939bb5/il0/host-ick-small/xgcc
ick_frontend	1ffd0ef82f43fe94384702811b8bb0f2680cd0dd3146eb7a1af8f1315e4abf51  /workspace/scratch/4cbbf3939bb5/il0/host-ick-small/cc1
ick_link_driver	62e09cd8f93fba0224f0be1d2cd55da01c99d5d83029263d4714151cbe2ea4f9  /workspace/scratch/4cbbf3939bb5/il0/host-ick-small/collect2
assembler	d0b9315551af88dba9e4f141f270278ff7326d4ed0996b4317067e4fd062cd5e  /usr/bin/as
linker	5b674ea1d7017c2929f3c52c43487478bb240ecdd7197a25cce3813a70329a5c  /usr/bin/ld
source_probe	cb5c129fb2ab4c61fea7c48725b54eb0227c2ce3352734081fe8dbe7f3540b3a  /workspace/scratch/4cbbf3939bb5/il0/lua/testes/symbolic-assignment.lua
lua_header	5e00319e803893f4310b1206394c80b82f03f42609b40ceb306d92a6740d828e  /workspace/scratch/4cbbf3939bb5/il0/lua/lua.h
lua_lexer	e4181287ead54cc806bb2fed213bde4164c2e01c72d69c7a47ffbc1ab01e77d5  /workspace/scratch/4cbbf3939bb5/il0/lua/llex.c
lua_parser	37e4ffabb5b1fcf5c14a2c8a7fa2a1cd6b0d31b4c7929e0293006b4f0464bd99  /workspace/scratch/4cbbf3939bb5/il0/lua/lparser.c
lua_entry	71d27fe16e09425f14b5daca83622e0f1396c05e07724b771afb06d62eadd2d4  /workspace/scratch/4cbbf3939bb5/il0/lua/onelua.c
qualifier_source	713b85ad2c73cca2506b3984e5f8cf93d0a9cd29b7c41ab18e479eddf869b5e7  /workspace/scratch/4cbbf3939bb5/il0/flexible-pipes/scripts/qualify-icky-lua.grease
embedded_bridge_source	f1fb3465b4d6f09ba71c59398e5d5de1b18854cc577c8e841738a71babac71ca  /workspace/scratch/4cbbf3939bb5/il0/flexible-pipes/tests/modified-lua/embed-probe.c
interpreter	3114009152262b90f4ff9b28fef431b08c2b1641fe5d7271944d04a34758051e  /workspace/scratch/4cbbf3939bb5/il3/qualification/toki-producer-05/runtime-gate/icky-lua
runtime_object	72d3e53ebfae00e83c6ac12a80b769c8c6273464dd1bfe52343dabca652fb34f  /workspace/scratch/4cbbf3939bb5/il3/qualification/toki-producer-05/runtime-gate/icky-lua.o
embedded_executable	bb05a794f4450bc79649dfbba2b202029d27bb5173ff9d5757aa24992c13ae54  /workspace/scratch/4cbbf3939bb5/il3/qualification/toki-producer-05/runtime-gate/embedded-probe
embedded_source	cb5c129fb2ab4c61fea7c48725b54eb0227c2ce3352734081fe8dbe7f3540b3a  /workspace/scratch/4cbbf3939bb5/il3/qualification/toki-producer-05/runtime-gate/embedded-source.lua
interpreter_semantics	PASS
embedded_semantics	PASS
embedded_source_bytes	PASS
linked_lua_runtime	static checked icky-lua.o; no dynamic Lua dependency
status	PASS
