sequence	event	index	correct	accepted	length	question	score	screen	answered	choice	mask	left	right	miss
0	0	0	0	0	0	0	0	0	0	0	0	0	0	0
1	0	65	0	0	0	0	0	0	0	0	0	0	0	0
2	0	2	0	1	2	0	0	1	0	-1	0	-1	-1	0
3	2	0	0	0	2	0	0	1	0	-1	0	-1	-1	0
4	3	0	0	1	2	0	1	1	1	0	0	-1	-1	0
5	3	0	0	0	2	0	1	1	1	0	0	-1	-1	0
6	2	0	0	1	2	1	1	1	0	-1	0	-1	-1	0
7	3	1	0	1	2	1	1	1	1	1	0	-1	-1	0
8	2	0	0	1	2	1	1	2	1	1	0	-1	-1	0
9	3	0	0	0	2	1	1	2	1	1	0	-1	-1	0
10	1	0	0	1	2	0	0	1	0	-1	0	-1	-1	0
11	1	0	0	1	2	0	0	1	0	-1	0	-1	-1	0
12	0	1	0	1	1	0	0	1	0	-1	0	-1	-1	0
13	3	0	0	1	1	0	1	1	1	0	0	-1	-1	0
14	2	0	0	1	1	0	1	2	1	0	0	-1	-1	0
15	0	1	0	1	1	0	0	1	0	-1	0	-1	-1	0
16	3	1	0	1	1	0	0	1	1	1	0	-1	-1	0
17	2	0	0	1	1	0	0	2	1	1	0	-1	-1	0
18	0	1	0	1	1	0	0	1	0	-1	0	-1	-1	0
19	3	2	0	1	1	0	0	1	1	2	0	-1	-1	0
20	2	0	0	1	1	0	0	2	1	2	0	-1	-1	0
21	0	1	0	1	1	0	0	1	0	-1	0	-1	-1	0
22	3	3	0	1	1	0	0	1	1	3	0	-1	-1	0
23	2	0	0	1	1	0	0	2	1	3	0	-1	-1	0
24	0	1	0	1	1	0	0	1	0	-1	0	-1	-1	0
25	3	0	1	1	1	0	0	1	1	0	0	-1	-1	0
26	2	0	0	1	1	0	0	2	1	0	0	-1	-1	0
27	0	1	0	1	1	0	0	1	0	-1	0	-1	-1	0
28	3	1	1	1	1	0	1	1	1	1	0	-1	-1	0
29	2	0	0	1	1	0	1	2	1	1	0	-1	-1	0
30	0	1	0	1	1	0	0	1	0	-1	0	-1	-1	0
31	3	2	1	1	1	0	0	1	1	2	0	-1	-1	0
32	2	0	0	1	1	0	0	2	1	2	0	-1	-1	0
33	0	1	0	1	1	0	0	1	0	-1	0	-1	-1	0
34	3	3	1	1	1	0	0	1	1	3	0	-1	-1	0
35	2	0	0	1	1	0	0	2	1	3	0	-1	-1	0
36	0	1	0	1	1	0	0	1	0	-1	0	-1	-1	0
37	3	0	2	1	1	0	0	1	1	0	0	-1	-1	0
38	2	0	0	1	1	0	0	2	1	0	0	-1	-1	0
39	0	1	0	1	1	0	0	1	0	-1	0	-1	-1	0
40	3	1	2	1	1	0	0	1	1	1	0	-1	-1	0
41	2	0	0	1	1	0	0	2	1	1	0	-1	-1	0
42	0	1	0	1	1	0	0	1	0	-1	0	-1	-1	0
43	3	2	2	1	1	0	1	1	1	2	0	-1	-1	0
44	2	0	0	1	1	0	1	2	1	2	0	-1	-1	0
45	0	1	0	1	1	0	0	1	0	-1	0	-1	-1	0
46	3	3	2	1	1	0	0	1	1	3	0	-1	-1	0
47	2	0	0	1	1	0	0	2	1	3	0	-1	-1	0
48	0	1	0	1	1	0	0	1	0	-1	0	-1	-1	0
49	3	0	3	1	1	0	0	1	1	0	0	-1	-1	0
50	2	0	0	1	1	0	0	2	1	0	0	-1	-1	0
51	0	1	0	1	1	0	0	1	0	-1	0	-1	-1	0
52	3	1	3	1	1	0	0	1	1	1	0	-1	-1	0
53	2	0	0	1	1	0	0	2	1	1	0	-1	-1	0
54	0	1	0	1	1	0	0	1	0	-1	0	-1	-1	0
55	3	2	3	1	1	0	0	1	1	2	0	-1	-1	0
56	2	0	0	1	1	0	0	2	1	2	0	-1	-1	0
57	0	1	0	1	1	0	0	1	0	-1	0	-1	-1	0
58	3	3	3	1	1	0	1	1	1	3	0	-1	-1	0
59	2	0	0	1	1	0	1	2	1	3	0	-1	-1	0
60	0	1	0	1	1	0	0	1	0	-1	0	-1	-1	0
61	4	0	0	1	1	0	0	1	0	-1	0	0	-1	0
62	4	0	0	1	1	0	0	1	0	-1	0	0	-1	0
63	5	3	0	1	1	0	0	1	0	-1	1	-1	-1	0
64	4	0	0	0	1	0	0	1	0	-1	1	-1	-1	0
65	5	3	0	0	1	0	0	1	0	-1	1	-1	-1	0
66	4	1	0	1	1	0	0	1	0	-1	1	1	-1	0
67	4	1	0	1	1	0	0	1	0	-1	1	1	-1	0
68	5	2	0	1	1	0	0	1	0	-1	3	-1	-1	0
69	4	1	0	0	1	0	0	1	0	-1	3	-1	-1	0
70	5	2	0	0	1	0	0	1	0	-1	3	-1	-1	0
71	4	2	0	1	1	0	0	1	0	-1	3	2	-1	0
72	4	2	0	1	1	0	0	1	0	-1	3	2	-1	0
73	5	1	0	1	1	0	0	1	0	-1	7	-1	-1	0
74	4	2	0	0	1	0	0	1	0	-1	7	-1	-1	0
75	5	1	0	0	1	0	0	1	0	-1	7	-1	-1	0
76	4	3	0	1	1	0	0	1	0	-1	7	3	-1	0
77	4	3	0	1	1	0	0	1	0	-1	7	3	-1	0
78	5	0	0	1	1	0	1	1	1	-1	15	-1	-1	0
79	4	3	0	0	1	0	1	1	1	-1	15	-1	-1	0
80	5	0	0	0	1	0	1	1	1	-1	15	-1	-1	0
81	2	0	0	1	1	0	1	2	1	-1	15	-1	-1	0
82	1	0	0	1	1	0	0	1	0	-1	0	-1	-1	0
83	0	1	0	1	1	0	0	1	0	-1	0	-1	-1	0
84	4	0	0	1	1	0	0	1	0	-1	0	0	-1	0
85	5	0	0	1	1	0	0	1	0	-1	0	-1	-1	1
86	4	0	0	1	1	0	0	1	0	-1	0	0	-1	1
87	4	0	0	1	1	0	0	1	0	-1	0	0	-1	1
88	5	3	0	1	1	0	0	1	0	-1	1	-1	-1	1
89	4	0	0	0	1	0	0	1	0	-1	1	-1	-1	1
90	5	3	0	0	1	0	0	1	0	-1	1	-1	-1	1
91	4	1	0	1	1	0	0	1	0	-1	1	1	-1	1
92	4	1	0	1	1	0	0	1	0	-1	1	1	-1	1
93	5	2	0	1	1	0	0	1	0	-1	3	-1	-1	1
94	4	1	0	0	1	0	0	1	0	-1	3	-1	-1	1
95	5	2	0	0	1	0	0	1	0	-1	3	-1	-1	1
96	4	2	0	1	1	0	0	1	0	-1	3	2	-1	1
97	4	2	0	1	1	0	0	1	0	-1	3	2	-1	1
98	5	1	0	1	1	0	0	1	0	-1	7	-1	-1	1
99	4	2	0	0	1	0	0	1	0	-1	7	-1	-1	1
100	5	1	0	0	1	0	0	1	0	-1	7	-1	-1	1
101	4	3	0	1	1	0	0	1	0	-1	7	3	-1	1
102	4	3	0	1	1	0	0	1	0	-1	7	3	-1	1
103	5	0	0	1	1	0	0	1	1	-1	15	-1	-1	1
104	4	3	0	0	1	0	0	1	1	-1	15	-1	-1	1
105	5	0	0	0	1	0	0	1	1	-1	15	-1	-1	1
106	2	0	0	1	1	0	0	2	1	-1	15	-1	-1	1
107	1	0	0	1	1	0	0	1	0	-1	0	-1	-1	0
108	0	1	0	1	1	0	0	1	0	-1	0	-1	-1	0
109	5	3	0	1	1	0	0	1	0	-1	0	-1	3	0
110	4	0	0	1	1	0	0	1	0	-1	1	-1	-1	0
111	4	0	0	0	1	0	0	1	0	-1	1	-1	-1	0
112	5	3	0	0	1	0	0	1	0	-1	1	-1	-1	0
113	5	2	0	1	1	0	0	1	0	-1	1	-1	2	0
114	4	1	0	1	1	0	0	1	0	-1	3	-1	-1	0
115	4	1	0	0	1	0	0	1	0	-1	3	-1	-1	0
116	5	2	0	0	1	0	0	1	0	-1	3	-1	-1	0
117	5	1	0	1	1	0	0	1	0	-1	3	-1	1	0
118	4	2	0	1	1	0	0	1	0	-1	7	-1	-1	0
119	4	2	0	0	1	0	0	1	0	-1	7	-1	-1	0
120	5	1	0	0	1	0	0	1	0	-1	7	-1	-1	0
121	5	0	0	1	1	0	0	1	0	-1	7	-1	0	0
122	4	3	0	1	1	0	1	1	1	-1	15	-1	-1	0
123	4	3	0	0	1	0	1	1	1	-1	15	-1	-1	0
124	5	0	0	0	1	0	1	1	1	-1	15	-1	-1	0
125	2	0	0	1	1	0	1	2	1	-1	15	-1	-1	0
126	1	0	0	1	1	0	0	1	0	-1	0	-1	-1	0
127	0	1	0	1	1	0	0	1	0	-1	0	-1	-1	0
128	4	0	0	1	1	0	0	1	0	-1	0	0	-1	0
129	5	0	0	1	1	0	0	1	0	-1	0	-1	-1	1
130	5	3	0	1	1	0	0	1	0	-1	0	-1	3	1
131	4	0	0	1	1	0	0	1	0	-1	1	-1	-1	1
132	4	0	0	0	1	0	0	1	0	-1	1	-1	-1	1
133	5	3	0	0	1	0	0	1	0	-1	1	-1	-1	1
134	5	2	0	1	1	0	0	1	0	-1	1	-1	2	1
135	4	1	0	1	1	0	0	1	0	-1	3	-1	-1	1
136	4	1	0	0	1	0	0	1	0	-1	3	-1	-1	1
137	5	2	0	0	1	0	0	1	0	-1	3	-1	-1	1
138	5	1	0	1	1	0	0	1	0	-1	3	-1	1	1
139	4	2	0	1	1	0	0	1	0	-1	7	-1	-1	1
140	4	2	0	0	1	0	0	1	0	-1	7	-1	-1	1
141	5	1	0	0	1	0	0	1	0	-1	7	-1	-1	1
142	5	0	0	1	1	0	0	1	0	-1	7	-1	0	1
143	4	3	0	1	1	0	0	1	1	-1	15	-1	-1	1
144	4	3	0	0	1	0	0	1	1	-1	15	-1	-1	1
145	5	0	0	0	1	0	0	1	1	-1	15	-1	-1	1
146	2	0	0	1	1	0	0	2	1	-1	15	-1	-1	1
147	1	0	0	1	1	0	0	1	0	-1	0	-1	-1	0
148	0	12	0	1	12	0	0	1	0	-1	0	-1	-1	0
149	3	0	0	1	12	0	1	1	1	0	0	-1	-1	0
150	2	0	0	1	12	1	1	1	0	-1	0	-1	-1	0
151	3	1	1	1	12	1	2	1	1	1	0	-1	-1	0
152	2	0	0	1	12	2	2	1	0	-1	0	-1	-1	0
153	3	2	2	1	12	2	3	1	1	2	0	-1	-1	0
154	2	0	0	1	12	3	3	1	0	-1	0	-1	-1	0
155	3	3	3	1	12	3	4	1	1	3	0	-1	-1	0
156	2	0	0	1	12	4	4	1	0	-1	0	-1	-1	0
157	3	0	0	1	12	4	5	1	1	0	0	-1	-1	0
158	2	0	0	1	12	5	5	1	0	-1	0	-1	-1	0
159	3	1	1	1	12	5	6	1	1	1	0	-1	-1	0
160	2	0	0	1	12	6	6	1	0	-1	0	-1	-1	0
161	3	2	2	1	12	6	7	1	1	2	0	-1	-1	0
162	2	0	0	1	12	7	7	1	0	-1	0	-1	-1	0
163	3	3	3	1	12	7	8	1	1	3	0	-1	-1	0
164	2	0	0	1	12	8	8	1	0	-1	0	-1	-1	0
165	3	0	0	1	12	8	9	1	1	0	0	-1	-1	0
166	2	0	0	1	12	9	9	1	0	-1	0	-1	-1	0
167	3	1	1	1	12	9	10	1	1	1	0	-1	-1	0
168	2	0	0	1	12	10	10	1	0	-1	0	-1	-1	0
169	3	2	2	1	12	10	11	1	1	2	0	-1	-1	0
170	2	0	0	1	12	11	11	1	0	-1	0	-1	-1	0
171	3	3	3	1	12	11	12	1	1	3	0	-1	-1	0
172	2	0	0	1	12	11	12	2	1	3	0	-1	-1	0
173	1	0	0	1	12	0	0	1	0	-1	0	-1	-1	0
174	3	4	0	0	12	0	0	1	0	-1	0	-1	-1	0
175	3	0	4	0	12	0	0	1	0	-1	0	-1	-1	0
176	3	0	0	0	12	0	0	1	0	-1	0	-1	-1	0
177	4	0	0	0	12	0	0	1	0	-1	0	-1	-1	0
178	5	4	0	0	12	0	0	1	0	-1	0	-1	-1	0
179	99	0	0	0	12	0	0	1	0	-1	0	-1	-1	0
PASS original source oracle: every field, navigation, score, matching and rejection trace
